doc_id,coder,codebook_version,focal,f1_strata,f2_budget,f2_notes,t1_direct,t2_derivative,t3_temporal,t4_distributional,t5_acquired,f4_regeneration,evidence,excluded,exclusion_reason,minutes,notes
A01,,,,,,,,,,,,,,,,,
A02,,,,,,,,,,,,,,,,,
A03,,,,,,,,,,,,,,,,,
A10,,,,,,,,,,,,,,,,,
A11,,,,,,,,,,,,,,,,,
A12,,,,,,,,,,,,,,,,,
A14,,,,,,,,,,,,,,,,,
A15,,,,,,,,,,,,,,,,,
A16,,,,,,,,,,,,,,,,,
A17,,,,,,,,,,,,,,,,,
A18,,,,,,,,,,,,,,,,,
A19,,,,,,,,,,,,,,,,,
B01,,,,,,,,,,,,,,,,,
B02,,,,,,,,,,,,,,,,,
B03,,,,,,,,,,,,,,,,,
B04,,,,,,,,,,,,,,,,,
B05,,,,,,,,,,,,,,,,,
B06,,,,,,,,,,,,,,,,,
B07,,,,,,,,,,,,,,,,,
B08,,,,,,,,,,,,,,,,,
B09,,,,,,,,,,,,,,,,,
B10,,,,,,,,,,,,,,,,,
B11,,,,,,,,,,,,,,,,,
B12,,,,,,,,,,,,,,,,,
B13,,,,,,,,,,,,,,,,,
B14,,,,,,,,,,,,,,,,,
B15,,,,,,,,,,,,,,,,,
B16,,,,,,,,,,,,,,,,,
B17,,,,,,,,,,,,,,,,,
B18,,,,,,,,,,,,,,,,,
B19,,,,,,,,,,,,,,,,,
B20,,,,,,,,,,,,,,,,,
C01,,,,,,,,,,,,,,,,,
C02,,,,,,,,,,,,,,,,,
C03,,,,,,,,,,,,,,,,,
C16,,,,,,,,,,,,,,,,,
C17,,,,,,,,,,,,,,,,,
C18,,,,,,,,,,,,,,,,,
C22,,,,,,,,,,,,,,,,,
C23,,,,,,,,,,,,,,,,,
C24,,,,,,,,,,,,,,,,,
